query,doc,rel
where is the andromeda galaxy,6193,5
where is the andromeda galaxy,281,4
where is the andromeda galaxy,6213,3
where is the andromeda galaxy,4532,1
where is the andromeda galaxy,341,3
where is the andromeda galaxy,515,1
where is the andromeda galaxy,3357,2
where is the andromeda galaxy,512,4
where is the andromeda galaxy,3663,2
where is the andromeda galaxy,459,1
where is the andromeda galaxy,5327,3
where is the andromeda galaxy,229,3
where is the andromeda galaxy,460,2
where is the andromeda galaxy,2676,1
where is the andromeda galaxy,496,4
where is the andromeda galaxy,2177,2
where is the andromeda galaxy,5339,1
where is the andromeda galaxy,4115,1
where is the andromeda galaxy,466,4
where is the andromeda galaxy,6038,4
where is the andromeda galaxy,2329,1
where is the andromeda galaxy,3206,1
where is the andromeda galaxy,2320,1
where is the andromeda galaxy,2424,1
where is the andromeda galaxy,2334,1
where is the andromeda galaxy,5388,1
where is the andromeda galaxy,2270,1
where is the andromeda galaxy,2012,3
where is the andromeda galaxy,3350,1
where is the andromeda galaxy,684,3
where is the andromeda galaxy,634,3
where is the andromeda galaxy,4499,1
where is the andromeda galaxy,4729,1
where is the andromeda galaxy,4552,1
where is the andromeda galaxy,644,3
where is the andromeda galaxy,3950,1
where is the andromeda galaxy,6688,1
where is the andromeda galaxy,6735,1
where is the andromeda galaxy,6736,1
where is the andromeda galaxy,624,3
where is the andromeda galaxy,2998,1
where is the andromeda galaxy,6741,1
where is the andromeda galaxy,2605,1
where is the andromeda galaxy,522,3
where is the andromeda galaxy,5012,1
where is the andromeda galaxy,623,3
where is the andromeda galaxy,2614,1
where is the andromeda galaxy,3929,1
where is the andromeda galaxy,2219,2
where is the andromeda galaxy,2981,1
show me the nearest star to the north star,6777,
show me the nearest star to the north star,2138,
show me the nearest star to the north star,5463,
show me the nearest star to the north star,2985,
show me the nearest star to the north star,848,
show me the nearest star to the north star,783,
show me the nearest star to the north star,3651,
show me the nearest star to the north star,2792,
show me the nearest star to the north star,1199,
show me the nearest star to the north star,3024,
show me the nearest star to the north star,5916,
show me the nearest star to the north star,2949,
show me the nearest star to the north star,1287,
show me the nearest star to the north star,895,
show me the nearest star to the north star,4498,
show me the nearest star to the north star,3824,
show me the nearest star to the north star,857,
show me the nearest star to the north star,2193,
show me the nearest star to the north star,1505,
show me the nearest star to the north star,1213,
show me the nearest star to the north star,244,
show me the nearest star to the north star,641,
show me the nearest star to the north star,3699,
show me the nearest star to the north star,105,
show me the nearest star to the north star,3019,
show me the nearest star to the north star,3369,
show me the nearest star to the north star,4041,
show me the nearest star to the north star,5344,
show me the nearest star to the north star,3020,
show me the nearest star to the north star,4874,
show me the nearest star to the north star,2784,
show me the nearest star to the north star,6193,
show me the nearest star to the north star,2338,
show me the nearest star to the north star,2323,
show me the nearest star to the north star,469,
show me the nearest star to the north star,553,
show me the nearest star to the north star,922,
show me the nearest star to the north star,202,
show me the nearest star to the north star,3121,
show me the nearest star to the north star,3753,
show me the nearest star to the north star,902,
show me the nearest star to the north star,5416,
show me the nearest star to the north star,3098,
show me the nearest star to the north star,1744,
show me the nearest star to the north star,1136,
show me the nearest star to the north star,209,
show me the nearest star to the north star,830,
show me the nearest star to the north star,1676,
show me the nearest star to the north star,3080,
show me the nearest star to the north star,283,
where is the nearest star,5463,4
where is the nearest star,2138,2
where is the nearest star,4498,2
where is the nearest star,895,1
where is the nearest star,3824,1
where is the nearest star,2674,2
where is the nearest star,6193,4
where is the nearest star,553,2
where is the nearest star,2531,3
where is the nearest star,6860,4
where is the nearest star,202,2
where is the nearest star,3121,1
where is the nearest star,2949,2
where is the nearest star,3699,1
where is the nearest star,1275,4
where is the nearest star,469,2
where is the nearest star,236,1
where is the nearest star,3006,1
where is the nearest star,209,1
where is the nearest star,2950,1
where is the nearest star,3753,1
where is the nearest star,3369,1
where is the nearest star,3131,5
where is the nearest star,3024,1
where is the nearest star,244,1
where is the nearest star,3026,1
where is the nearest star,4241,1
where is the nearest star,3098,2
where is the nearest star,105,3
where is the nearest star,6861,4
where is the nearest star,2338,2
where is the nearest star,4874,3
where is the nearest star,305,2
where is the nearest star,1596,2
where is the nearest star,5344,1
where is the nearest star,6378,1
where is the nearest star,902,4
where is the nearest star,3019,1
where is the nearest star,3974,2
where is the nearest star,1937,4
where is the nearest star,6777,3
where is the nearest star,1676,4
where is the nearest star,6464,5
where is the nearest star,283,4
where is the nearest star,3036,1
where is the nearest star,5313,2
where is the nearest star,2790,4
where is the nearest star,2225,2
where is the nearest star,3490,1
where is the nearest star,3385,1
what is the closest star to the north star,5485,
what is the closest star to the north star,1950,
what is the closest star to the north star,5845,
what is the closest star to the north star,3864,
what is the closest star to the north star,6814,
what is the closest star to the north star,2677,
what is the closest star to the north star,1964,
what is the closest star to the north star,1943,
what is the closest star to the north star,5954,
what is the closest star to the north star,3133,
what is the closest star to the north star,3080,
what is the closest star to the north star,3131,
what is the closest star to the north star,256,
what is the closest star to the north star,5720,
what is the closest star to the north star,6573,
what is the closest star to the north star,3089,
what is the closest star to the north star,1957,
what is the closest star to the north star,6249,
what is the closest star to the north star,2038,
what is the closest star to the north star,786,
what is the closest star to the north star,2012,
what is the closest star to the north star,1287,
what is the closest star to the north star,5262,
what is the closest star to the north star,3152,
what is the closest star to the north star,1665,
what is the closest star to the north star,684,
what is the closest star to the north star,4874,
what is the closest star to the north star,4425,
what is the closest star to the north star,4065,
what is the closest star to the north star,1275,
what is the closest star to the north star,641,
what is the closest star to the north star,2067,
what is the closest star to the north star,4552,
what is the closest star to the north star,3024,
what is the closest star to the north star,1213,
what is the closest star to the north star,5158,
what is the closest star to the north star,3001,
what is the closest star to the north star,2748,
what is the closest star to the north star,2476,
what is the closest star to the north star,2191,
what is the closest star to the north star,883,
what is the closest star to the north star,9,
what is the closest star to the north star,4041,
what is the closest star to the north star,2982,
what is the closest star to the north star,6519,
what is the closest star to the north star,5748,
what is the closest star to the north star,3951,
what is the closest star to the north star,2058,
what is the closest star to the north star,3034,
what is the closest star to the north star,4639,
show galaxies visible from the northern hemisphere,1635,
show galaxies visible from the northern hemisphere,133,
show galaxies visible from the northern hemisphere,1069,
show galaxies visible from the northern hemisphere,845,
show galaxies visible from the northern hemisphere,1415,
show galaxies visible from the northern hemisphere,5591,
show galaxies visible from the northern hemisphere,1070,
show galaxies visible from the northern hemisphere,834,
show galaxies visible from the northern hemisphere,935,
show galaxies visible from the northern hemisphere,1642,
show galaxies visible from the northern hemisphere,1233,
show galaxies visible from the northern hemisphere,682,
show galaxies visible from the northern hemisphere,3575,
show galaxies visible from the northern hemisphere,2074,
show galaxies visible from the northern hemisphere,1802,
show galaxies visible from the northern hemisphere,1482,
show galaxies visible from the northern hemisphere,936,
show galaxies visible from the northern hemisphere,6559,
show galaxies visible from the northern hemisphere,838,
show galaxies visible from the northern hemisphere,6835,
show galaxies visible from the northern hemisphere,5388,
show galaxies visible from the northern hemisphere,4877,
show galaxies visible from the northern hemisphere,5383,
show galaxies visible from the northern hemisphere,4992,
show galaxies visible from the northern hemisphere,2571,
show galaxies visible from the northern hemisphere,1968,
show galaxies visible from the northern hemisphere,572,
show galaxies visible from the northern hemisphere,1199,
show galaxies visible from the northern hemisphere,5212,
show galaxies visible from the northern hemisphere,1294,
show galaxies visible from the northern hemisphere,757,
show galaxies visible from the northern hemisphere,911,
show galaxies visible from the northern hemisphere,6065,
show galaxies visible from the northern hemisphere,1000,
show galaxies visible from the northern hemisphere,4428,
show galaxies visible from the northern hemisphere,3918,
show galaxies visible from the northern hemisphere,1008,
show galaxies visible from the northern hemisphere,1423,
show galaxies visible from the northern hemisphere,2965,
show galaxies visible from the northern hemisphere,827,
show galaxies visible from the northern hemisphere,6688,
show galaxies visible from the northern hemisphere,6735,
show galaxies visible from the northern hemisphere,6736,
show galaxies visible from the northern hemisphere,1526,
show galaxies visible from the northern hemisphere,2712,
show galaxies visible from the northern hemisphere,456,
show galaxies visible from the northern hemisphere,2792,
show galaxies visible from the northern hemisphere,1790,
show galaxies visible from the northern hemisphere,2676,
show galaxies visible from the northern hemisphere,1349,
visible galaxies,5201,
visible galaxies,1462,
visible galaxies,1133,
visible galaxies,4710,
visible galaxies,1337,
visible galaxies,105,
visible galaxies,1423,
visible galaxies,1341,
visible galaxies,5627,
visible galaxies,6746,
visible galaxies,5327,
visible galaxies,1222,
visible galaxies,5212,
visible galaxies,2030,
visible galaxies,1521,
visible galaxies,1857,
visible galaxies,5388,
visible galaxies,4071,
visible galaxies,5070,
visible galaxies,454,
visible galaxies,2287,
visible galaxies,5626,
visible galaxies,3089,
visible galaxies,2295,
visible galaxies,440,
visible galaxies,6835,
visible galaxies,5383,
visible galaxies,4992,
visible galaxies,2571,
visible galaxies,460,
visible galaxies,2806,
visible galaxies,1489,
visible galaxies,4065,
visible galaxies,2599,
visible galaxies,5012,
visible galaxies,1442,
visible galaxies,209,
visible galaxies,234,
visible galaxies,2442,
visible galaxies,2788,
visible galaxies,5833,
visible galaxies,4145,
visible galaxies,6180,
visible galaxies,4258,
visible galaxies,6688,
visible galaxies,6735,
visible galaxies,6736,
visible galaxies,3171,
visible galaxies,2155,
visible galaxies,4152,
the brightest star,1445,1
the brightest star,5463,5
the brightest star,5219,1
the brightest star,3338,1
the brightest star,1031,1
the brightest star,4194,1
the brightest star,5600,1
the brightest star,1370,1
the brightest star,1503,1
the brightest star,786,5
the brightest star,1022,3
the brightest star,1493,2
the brightest star,4588,1
the brightest star,2102,1
the brightest star,1985,2
the brightest star,432,2
the brightest star,154,1
the brightest star,3402,2
the brightest star,4795,1
the brightest star,1068,2
the brightest star,6322,1
the brightest star,5224,2
the brightest star,6058,1
the brightest star,1050,2
the brightest star,764,2
the brightest star,4023,2
the brightest star,1547,2
the brightest star,4517,1
the brightest star,3744,2
the brightest star,4437,1
the brightest star,445,2
the brightest star,1263,1
the brightest star,853,2
the brightest star,4346,1
the brightest star,11657,5
the brightest star,1891,4
the brightest star,2971,1
the brightest star,6062,1
the brightest star,668,2
the brightest star,249,1
the brightest star,2503,4
the brightest star,95,4
the brightest star,845,3
the brightest star,5131,1
the brightest star,1013,2
the brightest star,2130,3
the brightest star,789,1
the brightest star,3470,1
the brightest star,1980,1
the brightest star,3864,1
stars closest to the andromeda galaxy,6213,
stars closest to the andromeda galaxy,6193,4
stars closest to the andromeda galaxy,281,
stars closest to the andromeda galaxy,3893,
stars closest to the andromeda galaxy,2012,
stars closest to the andromeda galaxy,4532,
stars closest to the andromeda galaxy,3131,
stars closest to the andromeda galaxy,512,
stars closest to the andromeda galaxy,515,
stars closest to the andromeda galaxy,1665,
stars closest to the andromeda galaxy,341,
stars closest to the andromeda galaxy,305,
stars closest to the andromeda galaxy,5664,
stars closest to the andromeda galaxy,1275,
stars closest to the andromeda galaxy,1648,
stars closest to the andromeda galaxy,3357,
stars closest to the andromeda galaxy,3566,
stars closest to the andromeda galaxy,1289,
stars closest to the andromeda galaxy,3663,
stars closest to the andromeda galaxy,2917,
stars closest to the andromeda galaxy,459,
stars closest to the andromeda galaxy,3503,
stars closest to the andromeda galaxy,5485,
stars closest to the andromeda galaxy,5158,
stars closest to the andromeda galaxy,5327,
stars closest to the andromeda galaxy,3133,
stars closest to the andromeda galaxy,3139,
stars closest to the andromeda galaxy,4115,
stars closest to the andromeda galaxy,1894,
stars closest to the andromeda galaxy,3152,
stars closest to the andromeda galaxy,2007,
stars closest to the andromeda galaxy,4388,
stars closest to the andromeda galaxy,1950,
stars closest to the andromeda galaxy,2058,
stars closest to the andromeda galaxy,2177,
stars closest to the andromeda galaxy,6573,
stars closest to the andromeda galaxy,3864,
stars closest to the andromeda galaxy,460,
stars closest to the andromeda galaxy,5954,
stars closest to the andromeda galaxy,1946,
stars closest to the andromeda galaxy,3126,
stars closest to the andromeda galaxy,1964,
stars closest to the andromeda galaxy,2618,
stars closest to the andromeda galaxy,3021,
stars closest to the andromeda galaxy,786,
stars closest to the andromeda galaxy,2982,
stars closest to the andromeda galaxy,1943,
stars closest to the andromeda galaxy,3699,
stars closest to the andromeda galaxy,3845,
stars closest to the andromeda galaxy,3462,
easiest to see galaxy,6603,
easiest to see galaxy,2589,
easiest to see galaxy,6777,
easiest to see galaxy,3490,
easiest to see galaxy,4572,
easiest to see galaxy,3385,
easiest to see galaxy,2436,
easiest to see galaxy,3974,
easiest to see galaxy,4940,
easiest to see galaxy,6378,
easiest to see galaxy,3784,
easiest to see galaxy,4437,
easiest to see galaxy,4528,
easiest to see galaxy,4451,
easiest to see galaxy,3870,
easiest to see galaxy,3194,
easiest to see galaxy,156,
easiest to see galaxy,4499,
easiest to see galaxy,639,
easiest to see galaxy,105,
easiest to see galaxy,3098,
easiest to see galaxy,4582,
easiest to see galaxy,624,
easiest to see galaxy,4501,
easiest to see galaxy,5313,
easiest to see galaxy,3155,
easiest to see galaxy,2934,
easiest to see galaxy,3950,
easiest to see galaxy,5720,
easiest to see galaxy,1053,
easiest to see galaxy,4504,
easiest to see galaxy,517,
easiest to see galaxy,2496,
easiest to see galaxy,4242,
easiest to see galaxy,2320,
easiest to see galaxy,4166,
easiest to see galaxy,2224,
easiest to see galaxy,2329,
easiest to see galaxy,6773,
easiest to see galaxy,3486,
easiest to see galaxy,1330,
easiest to see galaxy,6069,
easiest to see galaxy,209,
easiest to see galaxy,736,
easiest to see galaxy,2225,
easiest to see galaxy,2334,
easiest to see galaxy,2270,
easiest to see galaxy,5665,
easiest to see galaxy,2713,
easiest to see galaxy,4074,
nebula,3015,
nebula,5942,
nebula,3800,
nebula,3102,
nebula,2143,
nebula,3024,
nebula,3799,
nebula,1053,
nebula,2362,
nebula,5342,
nebula,4559,
nebula,728,
nebula,3026,
nebula,3020,
nebula,3036,
nebula,6248,
nebula,4765,
nebula,3019,
nebula,3593,
nebula,3604,
nebula,2956,
nebula,4204,
nebula,3517,
nebula,6663,
nebula,2806,
nebula,3029,
nebula,791,
nebula,3279,
nebula,5807,
nebula,788,
nebula,2327,
nebula,3025,
nebula,3507,
nebula,1083,
nebula,248,
nebula,3022,
nebula,6193,
nebula,4170,
nebula,2695,
nebula,3035,
nebula,2802,
nebula,2542,
nebula,2147,
nebula,256,
nebula,252,
nebula,391,
nebula,3965,
nebula,6757,
nebula,2859,
nebula,2552,
largest galaxy,2998,
largest galaxy,3350,
largest galaxy,3893,
largest galaxy,845,
largest galaxy,2534,
largest galaxy,2514,
largest galaxy,2524,
largest galaxy,2602,
largest galaxy,2535,
largest galaxy,2449,
largest galaxy,2515,
largest galaxy,2604,
largest galaxy,2537,
largest galaxy,4360,
largest galaxy,2337,
largest galaxy,2462,
largest galaxy,3206,
largest galaxy,4500,
largest galaxy,624,
largest galaxy,2614,
largest galaxy,3992,
largest galaxy,3692,
largest galaxy,3021,
largest galaxy,4499,
largest galaxy,2453,
largest galaxy,2394,
largest galaxy,5848,
largest galaxy,2981,
largest galaxy,2586,
largest galaxy,467,
largest galaxy,3131,
largest galaxy,4659,
largest galaxy,466,
largest galaxy,3950,
largest galaxy,2536,
largest galaxy,2520,
largest galaxy,1069,
largest galaxy,3530,
largest galaxy,3810,
largest galaxy,517,
largest galaxy,634,
largest galaxy,2424,
largest galaxy,4729,
largest galaxy,4731,
largest galaxy,682,
largest galaxy,999,
largest galaxy,2888,
largest galaxy,6688,
largest galaxy,6735,
largest galaxy,6736,
brightest object,2504,
brightest object,1445,
brightest object,5817,
brightest object,6177,
brightest object,1540,
brightest object,1860,
brightest object,5637,
brightest object,4760,
brightest object,4857,
brightest object,3447,
brightest object,2778,
brightest object,1994,
brightest object,712,
brightest object,3874,
brightest object,4436,
brightest object,5562,
brightest object,595,
brightest object,793,
brightest object,1370,
brightest object,1503,
brightest object,1022,
brightest object,1493,
brightest object,5600,
brightest object,1104,
brightest object,2503,
brightest object,2130,
brightest object,4588,
brightest object,119,
brightest object,154,
brightest object,4797,
brightest object,5219,
brightest object,3338,
brightest object,3402,
brightest object,1031,
brightest object,4194,
brightest object,5463,
brightest object,1068,
brightest object,6322,
brightest object,5224,
brightest object,6058,
brightest object,1050,
brightest object,764,
brightest object,1547,
brightest object,1417,
brightest object,3394,
brightest object,1813,
brightest object,1263,
brightest object,432,
brightest object,4346,
brightest object,853,
binary stars,12314,5
binary stars,2858,4
binary stars,11901,5
binary stars,10025,4
binary stars,10360,4
binary stars,10270,5
binary stars,3006,5
binary stars,11899,3
binary stars,894,5
binary stars,1746,2
binary stars,4207,3
binary stars,3930,3
binary stars,382,3
binary stars,6210,5
binary stars,587,3
binary stars,3070,4
binary stars,6383,5
binary stars,2019,4
binary stars,1992,4
binary stars,3006,5
binary stars,3930,3
binary stars,4586,3
binary stars,1176,4
binary stars,6329,4
binary stars,4257,4
binary stars,7093,3
binary stars,11450,4
binary stars,11865,2
binary stars,10485,5
binary stars,10093,4
binary stars,1176,4
binary stars,11937,4
binary stars,3815,4
binary stars,8535,4
binary stars,6329,4
binary stars,4482,4
binary stars,3276,4
binary stars,3500,4
binary stars,5434,4
binary stars,4584,4
binary stars,438,4
binary stars,950,4
binary stars,1767,4
binary stars,3448,4
binary stars,2138,4
binary stars,249,4
binary stars,955,4
binary stars,2392,4
binary stars,553,4
binary stars,181,4
galaxies,5212,
galaxies,1857,
galaxies,5388,
galaxies,6835,
galaxies,5383,
galaxies,4992,
galaxies,2571,
galaxies,5012,
galaxies,6688,
galaxies,6735,
galaxies,6736,
galaxies,2114,
galaxies,6043,
galaxies,6035,
galaxies,6289,
galaxies,3352,
galaxies,845,
galaxies,4528,
galaxies,105,
galaxies,6038,
galaxies,2934,
galaxies,6193,
galaxies,841,
galaxies,4933,
galaxies,6133,
galaxies,3170,
galaxies,517,
galaxies,5262,
galaxies,2177,
galaxies,1973,
galaxies,5327,
galaxies,1874,
galaxies,229,
galaxies,302,
galaxies,6314,
galaxies,6010,
galaxies,3350,
galaxies,6104,
galaxies,3322,
galaxies,2508,
galaxies,496,
galaxies,6746,
galaxies,3118,
galaxies,3955,
galaxies,5056,
galaxies,6559,
galaxies,3349,
galaxies,1133,
galaxies,5201,
galaxies,1940,
stars nearest to the earth,2138,
stars nearest to the earth,3699,
stars nearest to the earth,895,
stars nearest to the earth,3666,
stars nearest to the earth,3651,
stars nearest to the earth,3185,
stars nearest to the earth,1676,
stars nearest to the earth,831,
stars nearest to the earth,6860,
stars nearest to the earth,3369,
stars nearest to the earth,4301,
stars nearest to the earth,6464,
stars nearest to the earth,915,
stars nearest to the earth,5463,
stars nearest to the earth,1199,
stars nearest to the earth,2338,
stars nearest to the earth,305,
stars nearest to the earth,1433,
stars nearest to the earth,868,
stars nearest to the earth,553,
stars nearest to the earth,2790,
stars nearest to the earth,3753,
stars nearest to the earth,2674,
stars nearest to the earth,1275,
stars nearest to the earth,469,
stars nearest to the earth,6861,
stars nearest to the earth,902,
stars nearest to the earth,3131,
stars nearest to the earth,1937,
stars nearest to the earth,283,
stars nearest to the earth,2950,
stars nearest to the earth,2531,
stars nearest to the earth,4498,
stars nearest to the earth,2586,
stars nearest to the earth,4241,
stars nearest to the earth,3824,
stars nearest to the earth,2259,
stars nearest to the earth,6777,
stars nearest to the earth,3490,
stars nearest to the earth,3385,
stars nearest to the earth,202,
stars nearest to the earth,388,
stars nearest to the earth,3020,
stars nearest to the earth,244,
stars nearest to the earth,4451,
stars nearest to the earth,3870,
stars nearest to the earth,3194,
stars nearest to the earth,3098,
stars nearest to the earth,4786,
stars nearest to the earth,726,
biggest star,4874,
biggest star,5344,
biggest star,6092,
biggest star,4145,
biggest star,2716,
biggest star,6663,
biggest star,237,
biggest star,249,
biggest star,2858,
biggest star,1857,
biggest star,5591,
biggest star,4010,
biggest star,4202,
biggest star,3459,
biggest star,3418,
biggest star,4353,
biggest star,1754,
biggest star,4167,
biggest star,2708,
biggest star,830,
biggest star,3781,
biggest star,3303,
biggest star,3183,
biggest star,5497,
biggest star,3600,
biggest star,348,
biggest star,3354,
biggest star,39,
biggest star,2827,
biggest star,840,
biggest star,572,
biggest star,3278,
biggest star,3021,
biggest star,1396,
biggest star,3687,
biggest star,4061,
biggest star,2860,
biggest star,2046,
biggest star,4090,
biggest star,3229,
biggest star,4309,
biggest star,1213,
biggest star,5184,
biggest star,1512,
biggest star,2047,
biggest star,4855,
biggest star,3908,
biggest star,5131,
biggest star,5403,
biggest star,3015,
nebula closest to the earth,3102,
nebula closest to the earth,3799,
nebula closest to the earth,388,
nebula closest to the earth,2058,
nebula closest to the earth,726,
nebula closest to the earth,3699,
nebula closest to the earth,305,
nebula closest to the earth,3133,
nebula closest to the earth,2748,
nebula closest to the earth,2476,
nebula closest to the earth,4765,
nebula closest to the earth,2191,
nebula closest to the earth,1950,
nebula closest to the earth,5485,
nebula closest to the earth,5472,
nebula closest to the earth,3152,
nebula closest to the earth,5954,
nebula closest to the earth,3020,
nebula closest to the earth,1154,
nebula closest to the earth,3015,
nebula closest to the earth,1964,
nebula closest to the earth,6573,
nebula closest to the earth,5785,
nebula closest to the earth,3864,
nebula closest to the earth,2618,
nebula closest to the earth,3126,
nebula closest to the earth,1943,
nebula closest to the earth,1275,
nebula closest to the earth,5845,
nebula closest to the earth,6814,
nebula closest to the earth,786,
nebula closest to the earth,2956,
nebula closest to the earth,5942,
nebula closest to the earth,3800,
nebula closest to the earth,2327,
nebula closest to the earth,1957,
nebula closest to the earth,3177,
nebula closest to the earth,3131,
nebula closest to the earth,6519,
nebula closest to the earth,2677,
nebula closest to the earth,4425,
nebula closest to the earth,4065,
nebula closest to the earth,6773,
nebula closest to the earth,3024,
nebula closest to the earth,2143,
nebula closest to the earth,1053,
nebula closest to the earth,5083,
nebula closest to the earth,2012,
nebula closest to the earth,2362,
nebula closest to the earth,6757,
galaxies near to the milky way,3918,
galaxies near to the milky way,3118,
galaxies near to the milky way,3352,
galaxies near to the milky way,2776,
galaxies near to the milky way,4758,
galaxies near to the milky way,4115,
galaxies near to the milky way,2508,
galaxies near to the milky way,4337,
galaxies near to the milky way,3620,
galaxies near to the milky way,6193,
galaxies near to the milky way,4731,
galaxies near to the milky way,3290,
galaxies near to the milky way,4288,
galaxies near to the milky way,2729,
galaxies near to the milky way,4242,
galaxies near to the milky way,302,
galaxies near to the milky way,3494,
galaxies near to the milky way,3481,
galaxies near to the milky way,6701,
galaxies near to the milky way,5201,
galaxies near to the milky way,4576,
galaxies near to the milky way,5339,
galaxies near to the milky way,368,
galaxies near to the milky way,296,
galaxies near to the milky way,3350,
galaxies near to the milky way,5166,
galaxies near to the milky way,1361,
galaxies near to the milky way,3955,
galaxies near to the milky way,6225,
galaxies near to the milky way,5452,
galaxies near to the milky way,2168,
galaxies near to the milky way,3398,
galaxies near to the milky way,2948,
galaxies near to the milky way,2685,
galaxies near to the milky way,275,
galaxies near to the milky way,2909,
galaxies near to the milky way,3428,
galaxies near to the milky way,5355,
galaxies near to the milky way,330,
galaxies near to the milky way,5161,
galaxies near to the milky way,517,
galaxies near to the milky way,3705,
galaxies near to the milky way,3369,
galaxies near to the milky way,4945,
galaxies near to the milky way,4860,
galaxies near to the milky way,4082,
galaxies near to the milky way,5154,
galaxies near to the milky way,6784,
galaxies near to the milky way,4208,
galaxies near to the milky way,6548,
brightest galaxies,1985,
brightest galaxies,845,
brightest galaxies,3744,
brightest galaxies,4437,
brightest galaxies,5219,
brightest galaxies,3338,
brightest galaxies,1031,
brightest galaxies,4194,
brightest galaxies,4517,
brightest galaxies,1370,
brightest galaxies,1503,
brightest galaxies,1022,
brightest galaxies,1493,
brightest galaxies,6035,
brightest galaxies,1068,
brightest galaxies,6322,
brightest galaxies,5224,
brightest galaxies,6058,
brightest galaxies,1050,
brightest galaxies,764,
brightest galaxies,1547,
brightest galaxies,6746,
brightest galaxies,517,
brightest galaxies,3369,
brightest galaxies,432,
brightest galaxies,4346,
brightest galaxies,1891,
brightest galaxies,6062,
brightest galaxies,834,
brightest galaxies,668,
brightest galaxies,5525,
brightest galaxies,1133,
brightest galaxies,624,
brightest galaxies,2504,
brightest galaxies,1802,
brightest galaxies,1445,
brightest galaxies,1404,
brightest galaxies,6564,
brightest galaxies,5463,
brightest galaxies,628,
brightest galaxies,4576,
brightest galaxies,114,
brightest galaxies,969,
brightest galaxies,6710,
brightest galaxies,5817,
brightest galaxies,6177,
brightest galaxies,4500,
brightest galaxies,1540,
brightest galaxies,1860,
brightest galaxies,5637,
strangest objects I can see,2436,
strangest objects I can see,6603,
strangest objects I can see,924,
strangest objects I can see,2589,
strangest objects I can see,6773,
strangest objects I can see,5429,
strangest objects I can see,5720,
strangest objects I can see,658,
strangest objects I can see,3974,
strangest objects I can see,736,
strangest objects I can see,3210,
strangest objects I can see,156,
strangest objects I can see,2207,
strangest objects I can see,4733,
strangest objects I can see,1344,
strangest objects I can see,236,
strangest objects I can see,942,
strangest objects I can see,2979,
strangest objects I can see,3784,
strangest objects I can see,4940,
strangest objects I can see,6578,
strangest objects I can see,4528,
strangest objects I can see,2336,
strangest objects I can see,2496,
strangest objects I can see,4355,
strangest objects I can see,3972,
strangest objects I can see,6150,
strangest objects I can see,3880,
strangest objects I can see,977,
strangest objects I can see,4878,
strangest objects I can see,4989,
strangest objects I can see,2051,
strangest objects I can see,369,
strangest objects I can see,4009,
strangest objects I can see,2102,
strangest objects I can see,409,
strangest objects I can see,3155,
strangest objects I can see,805,
strangest objects I can see,2074,
strangest objects I can see,6250,
strangest objects I can see,5883,
strangest objects I can see,1541,
strangest objects I can see,2909,
strangest objects I can see,6567,
strangest objects I can see,1948,
strangest objects I can see,6381,
strangest objects I can see,6774,
strangest objects I can see,2108,
strangest objects I can see,3653,
strangest objects I can see,5861,
objects I can see without a telescope,5429,
objects I can see without a telescope,2436,
objects I can see without a telescope,658,
objects I can see without a telescope,924,
objects I can see without a telescope,4940,
objects I can see without a telescope,6567,
objects I can see without a telescope,1948,
objects I can see without a telescope,3972,
objects I can see without a telescope,3974,
objects I can see without a telescope,41,
objects I can see without a telescope,1541,
objects I can see without a telescope,942,
objects I can see without a telescope,2074,
objects I can see without a telescope,2051,
objects I can see without a telescope,3815,
objects I can see without a telescope,1769,
objects I can see without a telescope,6381,
objects I can see without a telescope,6782,
objects I can see without a telescope,3249,
objects I can see without a telescope,2102,
objects I can see without a telescope,5776,
objects I can see without a telescope,6564,
objects I can see without a telescope,3880,
objects I can see without a telescope,541,
objects I can see without a telescope,1025,
objects I can see without a telescope,2589,
objects I can see without a telescope,6250,
objects I can see without a telescope,6069,
objects I can see without a telescope,3653,
objects I can see without a telescope,5883,
objects I can see without a telescope,805,
objects I can see without a telescope,5720,
objects I can see without a telescope,4276,
objects I can see without a telescope,4200,
objects I can see without a telescope,4009,
objects I can see without a telescope,156,
objects I can see without a telescope,1536,
objects I can see without a telescope,2139,
objects I can see without a telescope,4875,
objects I can see without a telescope,6774,
objects I can see without a telescope,283,
objects I can see without a telescope,6305,
objects I can see without a telescope,3210,
objects I can see without a telescope,3010,
objects I can see without a telescope,236,
objects I can see without a telescope,915,
objects I can see without a telescope,977,
objects I can see without a telescope,6773,
objects I can see without a telescope,4051,
objects I can see without a telescope,6559,
pulsar,234,
pulsar,4478,
pulsar,4277,
pulsar,3736,
pulsar,1008,
pulsar,6430,
pulsar,237,
pulsar,4022,
pulsar,4202,
pulsar,3927,
pulsar,4219,
pulsar,3929,
pulsar,4218,
pulsar,4120,
pulsar,4297,
pulsar,3932,
pulsar,4552,
pulsar,6543,
pulsar,3928,
pulsar,6383,
pulsar,5883,
pulsar,4041,
pulsar,5485,
pulsar,4042,
pulsar,641,
pulsar,6204,
pulsar,5954,
pulsar,2122,
pulsar,5,
pulsar,5499,
pulsar,1980,
pulsar,3972,
pulsar,2102,
pulsar,1397,
pulsar,1950,
pulsar,5800,
pulsar,3157,
pulsar,6567,
pulsar,6329,
pulsar,74,
pulsar,767,
pulsar,5901,
pulsar,174,
pulsar,907,
pulsar,3580,
pulsar,6008,
pulsar,2067,
pulsar,6132,
pulsar,1943,
pulsar,1964,
galaxy,4729,
galaxy,6688,
galaxy,6735,
galaxy,6736,
galaxy,5012,
galaxy,6193,
galaxy,3918,
galaxy,2676,
galaxy,5212,
galaxy,5339,
galaxy,2012,
galaxy,1133,
galaxy,6038,
galaxy,4518,
galaxy,4429,
galaxy,6289,
galaxy,6133,
galaxy,624,
galaxy,3352,
galaxy,5388,
galaxy,2534,
galaxy,2514,
galaxy,2524,
galaxy,2602,
galaxy,2535,
galaxy,2998,
galaxy,2449,
galaxy,2515,
galaxy,2604,
galaxy,2537,
galaxy,6824,
galaxy,2722,
galaxy,2337,
galaxy,2462,
galaxy,639,
galaxy,4500,
galaxy,105,
galaxy,2614,
galaxy,1985,
galaxy,845,
galaxy,2453,
galaxy,1209,
galaxy,2665,
galaxy,2982,
galaxy,2394,
galaxy,3350,
galaxy,2598,
galaxy,6378,
galaxy,3206,
galaxy,6835,
binary stars that are closest to the north star,3864,
binary stars that are closest to the north star,1943,
binary stars that are closest to the north star,5485,
binary stars that are closest to the north star,1950,
binary stars that are closest to the north star,3080,
binary stars that are closest to the north star,1964,
binary stars that are closest to the north star,6814,
binary stars that are closest to the north star,5845,
binary stars that are closest to the north star,1957,
binary stars that are closest to the north star,2038,
binary stars that are closest to the north star,5954,
binary stars that are closest to the north star,2677,
binary stars that are closest to the north star,6249,
binary stars that are closest to the north star,6573,
binary stars that are closest to the north star,2067,
binary stars that are closest to the north star,6519,
binary stars that are closest to the north star,3152,
binary stars that are closest to the north star,4065,
binary stars that are closest to the north star,249,
binary stars that are closest to the north star,1275,
binary stars that are closest to the north star,3089,
binary stars that are closest to the north star,3131,
binary stars that are closest to the north star,6818,
binary stars that are closest to the north star,2058,
binary stars that are closest to the north star,3021,
binary stars that are closest to the north star,1289,
binary stars that are closest to the north star,4425,
binary stars that are closest to the north star,1213,
binary stars that are closest to the north star,4078,
binary stars that are closest to the north star,4642,
binary stars that are closest to the north star,4874,
binary stars that are closest to the north star,6383,
binary stars that are closest to the north star,2012,
binary stars that are closest to the north star,1665,
binary stars that are closest to the north star,3699,
binary stars that are closest to the north star,3133,
binary stars that are closest to the north star,4744,
binary stars that are closest to the north star,6245,
binary stars that are closest to the north star,4041,
binary stars that are closest to the north star,305,
binary stars that are closest to the north star,3008,
binary stars that are closest to the north star,4388,
binary stars that are closest to the north star,256,
binary stars that are closest to the north star,6860,
binary stars that are closest to the north star,2166,
binary stars that are closest to the north star,6329,
binary stars that are closest to the north star,5497,
binary stars that are closest to the north star,526,
binary stars that are closest to the north star,5720,
binary stars that are closest to the north star,5350,
stars that look blue,5020,
stars that look blue,3714,
stars that look blue,2361,
stars that look blue,816,
stars that look blue,1470,
stars that look blue,522,
stars that look blue,620,
stars that look blue,619,
stars that look blue,521,
stars that look blue,627,
stars that look blue,631,
stars that look blue,623,
stars that look blue,5918,
stars that look blue,4314,
stars that look blue,812,
stars that look blue,366,
stars that look blue,6526,
stars that look blue,3171,
stars that look blue,4313,
stars that look blue,3477,
stars that look blue,5997,
stars that look blue,5593,
stars that look blue,1872,
stars that look blue,3677,
stars that look blue,883,
stars that look blue,5485,
stars that look blue,9,
stars that look blue,461,
stars that look blue,3478,
stars that look blue,1708,
stars that look blue,4974,
stars that look blue,687,
stars that look blue,1451,
stars that look blue,1768,
stars that look blue,233,
stars that look blue,684,
stars that look blue,176,
stars that look blue,738,
stars that look blue,974,
stars that look blue,5110,
stars that look blue,1940,
stars that look blue,5,
stars that look blue,1344,
stars that look blue,4809,
stars that look blue,1466,
stars that look blue,3269,
stars that look blue,173,
stars that look blue,893,
stars that look blue,2597,
stars that look blue,5553,
the andromeda galaxy,6193,
the andromeda galaxy,6213,
the andromeda galaxy,281,
the andromeda galaxy,4532,
the andromeda galaxy,512,
the andromeda galaxy,341,
the andromeda galaxy,515,
the andromeda galaxy,3357,
the andromeda galaxy,3663,
the andromeda galaxy,459,
the andromeda galaxy,460,
the andromeda galaxy,5327,
the andromeda galaxy,2177,
the andromeda galaxy,496,
the andromeda galaxy,229,
the andromeda galaxy,4729,
the andromeda galaxy,6688,
the andromeda galaxy,6735,
the andromeda galaxy,6736,
the andromeda galaxy,5012,
the andromeda galaxy,3918,
the andromeda galaxy,2676,
the andromeda galaxy,5339,
the andromeda galaxy,5212,
the andromeda galaxy,2012,
the andromeda galaxy,1133,
the andromeda galaxy,6038,
the andromeda galaxy,4518,
the andromeda galaxy,4429,
the andromeda galaxy,6289,
the andromeda galaxy,6133,
the andromeda galaxy,624,
the andromeda galaxy,3352,
the andromeda galaxy,5388,
the andromeda galaxy,2524,
the andromeda galaxy,2534,
the andromeda galaxy,2514,
the andromeda galaxy,2602,
the andromeda galaxy,2535,
the andromeda galaxy,2449,
the andromeda galaxy,2998,
the andromeda galaxy,2604,
the andromeda galaxy,2537,
the andromeda galaxy,2515,
the andromeda galaxy,2337,
the andromeda galaxy,2722,
the andromeda galaxy,2462,
the andromeda galaxy,639,
the andromeda galaxy,6824,
the andromeda galaxy,4500,
Sirius,530,
Sirius,5611,
Sirius,1893,
Sirius,1406,
Sirius,1937,
Sirius,1358,
Sirius,4642,
Sirius,6068,
Sirius,5266,
Sirius,4940,
Sirius,4945,
Sirius,4758,
Sirius,5154,
Sirius,323,
Sirius,6269,
Sirius,5129,
Sirius,174,
Sirius,1152,
Sirius,6814,
Sirius,4710,
Sirius,5654,
Sirius,2295,
Sirius,392,
Sirius,3113,
Sirius,5504,
Sirius,4065,
Sirius,2599,
Sirius,5419,
Sirius,2677,
Sirius,4592,
Sirius,5786,
Sirius,5680,
Sirius,852,
Sirius,2487,
Sirius,4145,
Sirius,1462,
Sirius,337,
Sirius,840,
Sirius,1337,
Sirius,842,
Sirius,3440,
Sirius,4969,
Sirius,1451,
Sirius,2908,
Sirius,4798,
Sirius,5083,
Sirius,2828,
Sirius,5084,
Sirius,4809,
Sirius,3497,
galaxies similar to the milky way,3918,
galaxies similar to the milky way,6193,
galaxies similar to the milky way,3118,
galaxies similar to the milky way,3352,
galaxies similar to the milky way,6548,
galaxies similar to the milky way,5339,
galaxies similar to the milky way,2508,
galaxies similar to the milky way,2808,
galaxies similar to the milky way,4337,
galaxies similar to the milky way,3620,
galaxies similar to the milky way,5848,
galaxies similar to the milky way,2776,
galaxies similar to the milky way,3955,
galaxies similar to the milky way,4758,
galaxies similar to the milky way,330,
galaxies similar to the milky way,3398,
galaxies similar to the milky way,2937,
galaxies similar to the milky way,302,
galaxies similar to the milky way,4221,
galaxies similar to the milky way,4288,
galaxies similar to the milky way,2729,
galaxies similar to the milky way,5201,
galaxies similar to the milky way,4115,
galaxies similar to the milky way,6225,
galaxies similar to the milky way,2880,
galaxies similar to the milky way,4860,
galaxies similar to the milky way,457,
galaxies similar to the milky way,6690,
galaxies similar to the milky way,2722,
galaxies similar to the milky way,4113,
galaxies similar to the milky way,704,
galaxies similar to the milky way,2752,
galaxies similar to the milky way,2665,
galaxies similar to the milky way,957,
galaxies similar to the milky way,517,
galaxies similar to the milky way,5225,
galaxies similar to the milky way,1361,
galaxies similar to the milky way,2998,
galaxies similar to the milky way,460,
galaxies similar to the milky way,368,
galaxies similar to the milky way,3950,
galaxies similar to the milky way,4211,
galaxies similar to the milky way,3714,
galaxies similar to the milky way,3350,
galaxies similar to the milky way,3481,
galaxies similar to the milky way,3555,
galaxies similar to the milky way,5355,
galaxies similar to the milky way,2380,
galaxies similar to the milky way,4242,
galaxies similar to the milky way,5231,
Stars as bright as Verga,4501,
Stars as bright as Verga,4001,
Stars as bright as Verga,2663,
Stars as bright as Verga,6457,
Stars as bright as Verga,897,
Stars as bright as Verga,4338,
Stars as bright as Verga,2539,
Stars as bright as Verga,402,
Stars as bright as Verga,4043,
Stars as bright as Verga,5333,
Stars as bright as Verga,1320,
Stars as bright as Verga,555,
Stars as bright as Verga,5231,
Stars as bright as Verga,6274,
Stars as bright as Verga,204,
Stars as bright as Verga,63,
Stars as bright as Verga,4042,
Stars as bright as Verga,6008,
Stars as bright as Verga,159,
Stars as bright as Verga,4776,
Stars as bright as Verga,1865,
Stars as bright as Verga,1984,
Stars as bright as Verga,2307,
Stars as bright as Verga,3572,
Stars as bright as Verga,6089,
Stars as bright as Verga,3041,
Stars as bright as Verga,3167,
Stars as bright as Verga,2825,
Stars as bright as Verga,6092,
Stars as bright as Verga,1207,
Stars as bright as Verga,703,
Stars as bright as Verga,1589,
Stars as bright as Verga,3304,
Stars as bright as Verga,445,
Stars as bright as Verga,3107,
Stars as bright as Verga,2534,
Stars as bright as Verga,5485,
Stars as bright as Verga,6375,
Stars as bright as Verga,6150,
Stars as bright as Verga,6257,
Stars as bright as Verga,4039,
Stars as bright as Verga,1318,
Stars as bright as Verga,2535,
Stars as bright as Verga,942,
Stars as bright as Verga,2524,
Stars as bright as Verga,657,
Stars as bright as Verga,1146,
Stars as bright as Verga,2716,
Stars as bright as Verga,1470,
Stars as bright as Verga,2816,
Messier Objects,6150,
Messier Objects,460,
Messier Objects,2589,
Messier Objects,2386,
Messier Objects,639,
Messier Objects,4224,
Messier Objects,535,
Messier Objects,4208,
Messier Objects,4212,
Messier Objects,2221,
Messier Objects,4214,
Messier Objects,417,
Messier Objects,529,
Messier Objects,644,
Messier Objects,3926,
Messier Objects,695,
Messier Objects,830,
Messier Objects,6804,
Messier Objects,2501,
Messier Objects,2330,
Messier Objects,2319,
Messier Objects,3281,
Messier Objects,2755,
Messier Objects,4561,
Messier Objects,4910,
Messier Objects,2320,
Messier Objects,5033,
Messier Objects,696,
Messier Objects,2321,
Messier Objects,2177,
Messier Objects,1949,
Messier Objects,3229,
Messier Objects,1324,
Messier Objects,4629,
Messier Objects,5677,
Messier Objects,5815,
Messier Objects,4638,
Messier Objects,6613,
Messier Objects,1275,
Messier Objects,4544,
Messier Objects,6862,
Messier Objects,58,
Messier Objects,4314,
Messier Objects,3009,
Messier Objects,6077,
Messier Objects,3989,
Messier Objects,862,
Messier Objects,6823,
Messier Objects,2214,
Messier Objects,17,
